date,home_team_fg,away_team_fg,model_home_prob,market_home_prob,edge,recommended_side,kelly_pct,suggested_dollars,home_win,theoretical_pnl,actual_side,actual_dollars,actual_pnl,notes
2026-08-05,PHI,WSN,0.6067,0.7384,-0.1317,NO,0.0892,4.46,0.0,12.59,,,,
2026-08-05,CHC,LAD,0.5638,0.4739,0.0899,YES,0.0854,4.27,1.0,4.74,,,,
2026-08-05,MIL,PIT,0.6304,0.5592,0.0712,YES,0.0808,4.04,1.0,3.18,,,,
2026-08-05,BAL,LAA,0.5422,0.602,-0.0598,none,0.0,0.0,1.0,0.0,,,,
2026-08-05,NYY,STL,0.5683,0.6268,-0.0585,none,0.0,0.0,0.0,0.0,,,,
2026-08-05,ATL,MIA,0.5529,0.5877,-0.0348,none,0.0,0.0,1.0,0.0,,,,
2026-08-05,SEA,DET,0.5714,0.5372,0.0342,none,0.0,0.0,1.0,0.0,,,,
2026-08-05,ARI,SDP,0.5338,0.5128,0.021,none,0.0,0.0,1.0,0.0,,,,
2026-08-05,CLE,NYM,0.512,0.4971,0.0149,none,0.0,0.0,0.0,0.0,,,,
2026-08-05,CIN,OAK,0.6034,0.5885,0.0149,none,0.0,0.0,1.0,0.0,,,,
2026-08-05,KCR,MIN,0.5257,0.5191,0.0066,none,0.0,0.0,1.0,0.0,,,,
2026-08-05,BOS,CHW,0.6196,0.6196,0.0,none,0.0,0.0,1.0,0.0,,,,
2026-08-05,HOU,TOR,0.5571,,0.0,none,0.0,0.0,0.0,0.0,,,,
2026-08-05,TEX,SFG,0.566,,0.0,none,0.0,0.0,1.0,0.0,,,,
2026-08-05,COL,TBR,0.4814,,0.0,none,0.0,0.0,0.0,0.0,,,,
2026-08-06,MIL,PIT,0.6633,0.5328,0.1305,YES,0.075,7.42,1.0,6.51,home,7.0,6.14,
2026-08-06,BAL,LAA,0.5302,0.4168,0.1134,YES,0.075,7.42,0.0,-7.42,,,,
2026-08-06,PHI,WSN,0.6549,0.7521,-0.0972,NO,0.0517,5.12,1.0,-5.12,away,3.0,-3.0,
2026-08-06,CLE,NYM,0.4994,0.4153,0.0841,YES,0.0575,5.7,0.0,-5.7,,,,
2026-08-06,CHC,TOR,0.5641,0.4873,0.0768,YES,0.0599,5.93,1.0,6.24,home,3.75,3.95,
2026-08-06,ARI,SDP,0.5419,0.4995,0.0424,none,0.0,0.0,0.0,0.0,,,,
2026-08-06,BOS,CHW,0.6014,0.6295,-0.0281,none,0.0,0.0,1.0,0.0,,,,
2026-08-06,ATL,MIA,0.5464,0.5732,-0.0268,none,0.0,0.0,1.0,0.0,,,,
2026-08-06,CIN,OAK,0.5961,0.6198,-0.0237,none,0.0,0.0,1.0,0.0,away,1.0,-1.0,
2026-08-06,SEA,DET,0.5358,0.5273,0.0085,none,0.0,0.0,0.0,0.0,,,,
2026-08-06,KCR,MIN,0.5397,0.5345,0.0052,none,0.0,0.0,0.0,0.0,,,,
2026-08-07,ARI,LAD,0.5393,0.3819,0.1574,YES,0.075,7.88,1.0,12.75,home,7.0,11.33,
2026-08-07,PHI,TOR,0.5232,0.6598,-0.1366,NO,0.075,7.88,0.0,15.28,away,7.0,13.58,
2026-08-07,BOS,OAK,0.5999,0.7075,-0.1076,NO,0.0608,6.39,1.0,-6.39,,,,
2026-08-07,KCR,CHC,0.4921,0.3925,0.0996,YES,0.0656,6.89,0.0,-6.89,home,6.0,-6.0,
2026-08-07,CHW,CLE,0.5082,0.4336,0.0746,YES,0.0527,5.54,0.0,-5.54,home,5.0,-5.0,
2026-08-07,SFG,DET,0.5001,0.4489,0.0512,none,0.0,0.0,1.0,0.0,,,,
2026-08-07,SEA,TBR,0.5687,0.518,0.0507,none,0.0,0.0,0.0,0.0,,,,
2026-08-07,MIA,LAA,0.5297,0.5798,-0.0501,none,0.0,0.0,0.0,0.0,,,,
2026-08-07,PIT,NYM,0.5101,0.5557,-0.0456,none,0.0,0.0,0.0,0.0,,,,
2026-08-07,STL,COL,0.6488,0.6069,0.0419,none,0.0,0.0,1.0,0.0,,,,
2026-08-07,MIL,MIN,0.5745,0.6096,-0.0351,none,0.0,0.0,0.0,0.0,,,,
2026-08-07,WSN,CIN,0.498,0.5246,-0.0266,none,0.0,0.0,1.0,0.0,,,,
2026-08-07,SDP,HOU,0.5472,0.523,0.0242,none,0.0,0.0,0.0,0.0,,,,
2026-08-07,NYY,ATL,0.5525,0.5571,-0.0046,none,0.0,0.0,1.0,0.0,,,,
2026-08-07,TEX,BAL,0.5773,0.5748,0.0025,none,0.0,0.0,1.0,0.0,,,,
2026-08-08,ARI,LAD,0.4886,0.3598,0.1288,YES,0.075,7.88,0.0,-7.88,,,,
2026-08-08,BOS,OAK,0.5844,0.7014,-0.117,NO,0.0667,7.01,0.0,16.47,,,,
2026-08-08,CHW,CLE,0.5318,0.4429,0.0889,YES,0.0638,6.71,1.0,8.44,home,5.5,6.92,
2026-08-08,KCR,CHC,0.4859,0.4016,0.0843,YES,0.0564,5.92,1.0,8.82,,,,
2026-08-08,NYY,ATL,0.4998,0.4228,0.077,YES,0.0534,5.61,1.0,7.66,home,5.5,7.51,
2026-08-08,MIA,LAA,0.5242,0.5961,-0.0719,NO,0.0482,5.07,1.0,-5.07,away,5.0,-5.0,
2026-08-08,PHI,TOR,0.5375,0.6043,-0.0668,none,0.0,0.0,0.0,0.0,,,,
2026-08-08,SEA,TBR,0.5834,0.5199,0.0635,none,0.0,0.0,0.0,0.0,,,,
2026-08-08,STL,COL,0.6477,0.588,0.0597,none,0.0,0.0,0.0,0.0,,,,
2026-08-08,TEX,BAL,0.519,0.5772,-0.0582,none,0.0,0.0,1.0,0.0,,,,
2026-08-08,MIL,MIN,0.6037,0.5659,0.0378,none,0.0,0.0,1.0,0.0,,,,
2026-08-08,SFG,DET,0.5096,0.4765,0.0331,none,0.0,0.0,0.0,0.0,,,,
2026-08-08,WSN,CIN,0.4422,0.4262,0.016,none,0.0,0.0,1.0,0.0,,,,
2026-08-08,SDP,HOU,0.5177,0.5246,-0.0069,none,0.0,0.0,1.0,0.0,,,,
2026-08-08,PIT,NYM,0.5326,0.5359,-0.0033,none,0.0,0.0,1.0,0.0,,,,
2026-08-09,WSN,CIN,0.4863,0.6588,-0.1725,none,0.0,0.0,1.0,0.0,,,,
2026-08-09,PHI,TOR,0.5171,0.6773,-0.1602,none,0.0,0.0,1.0,0.0,,,,
2026-08-09,MIL,MIN,0.6095,0.707,-0.0975,none,0.0,0.0,1.0,0.0,,,,
2026-08-09,PIT,NYM,0.4781,0.5722,-0.0941,NO,0.0658,7.96,0.0,10.65,away,7.5,10.03,
2026-08-09,KCR,CHC,0.4871,0.3986,0.0885,none,0.0,0.0,0.0,0.0,home,6.5,-6.5,
2026-08-09,BOS,OAK,0.5827,0.6651,-0.0824,none,0.0,0.0,0.0,0.0,,,,
2026-08-09,CHW,CLE,0.5284,0.4553,0.0731,none,0.0,0.0,1.0,0.0,,,,
2026-08-09,SFG,DET,0.5398,0.467,0.0728,none,0.0,0.0,0.0,0.0,home,2.5,-2.5,
2026-08-09,STL,COL,0.666,0.6014,0.0646,none,0.0,0.0,1.0,0.0,home,3.5,2.32,
2026-08-09,ARI,LAD,0.4831,0.4243,0.0588,none,0.0,0.0,1.0,0.0,,,,
2026-08-09,SEA,TBR,0.5434,0.5012,0.0422,none,0.0,0.0,0.0,0.0,,,,
2026-08-09,MIA,LAA,0.5351,0.5725,-0.0374,none,0.0,0.0,1.0,0.0,,,,
2026-08-09,TEX,BAL,0.5163,0.5475,-0.0312,none,0.0,0.0,0.0,0.0,,,,
2026-08-09,SDP,HOU,0.5027,0.5284,-0.0257,none,0.0,0.0,1.0,0.0,,,,
2026-08-09,NYY,ATL,0.5729,0.5693,0.0036,none,0.0,0.0,0.0,0.0,,,,
2026-08-10,LAD,KCR,0.6202,0.7319,-0.1117,none,0.0,0.0,1.0,0.0,,,,
2026-08-10,TOR,BOS,0.5028,0.4121,0.0907,YES,0.0617,7.47,1.0,10.66,home,7.75,11.06,
2026-08-10,SFG,HOU,0.4974,0.4161,0.0813,YES,0.0557,6.74,0.0,-6.74,home,7.0,-7.0,
2026-08-10,OAK,TBR,0.4859,0.4079,0.078,none,0.0,0.0,0.0,0.0,,,,
2026-08-10,ATL,NYM,0.5296,0.5744,-0.0448,none,0.0,0.0,0.0,0.0,,,,
2026-08-10,SDP,MIL,0.5125,0.4781,0.0344,none,0.0,0.0,1.0,0.0,,,,
2026-08-10,MIN,BAL,0.5159,0.4837,0.0322,none,0.0,0.0,1.0,0.0,,,,
2026-08-10,STL,PHI,0.508,0.477,0.031,none,0.0,0.0,0.0,0.0,,,,
2026-08-10,ARI,COL,0.6249,0.6452,-0.0203,none,0.0,0.0,1.0,0.0,,,,
2026-08-10,LAA,TEX,0.4897,0.4826,0.0071,none,0.0,0.0,0.0,0.0,,,,
2026-08-11,CHW,CIN,0.471,0.5907,-0.1197,NO,0.075,9.38,,,away,9.5,,
2026-08-11,LAD,KCR,0.6011,0.7036,-0.1025,none,0.0,0.0,,,,,,
2026-08-11,STL,PHI,0.486,0.393,0.093,none,0.0,0.0,,,,,,
2026-08-11,MIA,PIT,0.5759,0.4831,0.0928,YES,0.0718,8.98,,,home,9.0,,
2026-08-11,OAK,TBR,0.481,0.3898,0.0912,none,0.0,0.0,,,,,,
2026-08-11,SFG,HOU,0.4514,0.3681,0.0833,none,0.0,0.0,,,,,,
2026-08-11,LAA,TEX,0.5019,0.4362,0.0657,none,0.0,0.0,,,,,,
2026-08-11,SDP,MIL,0.498,0.439,0.059,none,0.0,0.0,,,,,,
2026-08-11,WSN,CHC,0.4551,0.397,0.0581,none,0.0,0.0,,,,,,
2026-08-11,NYY,SEA,0.4982,0.5476,-0.0494,none,0.0,0.0,,,,,,
2026-08-11,MIN,BAL,0.5478,0.5152,0.0326,none,0.0,0.0,,,,,,
2026-08-11,DET,CLE,0.5692,0.5379,0.0313,none,0.0,0.0,,,,,,
2026-08-11,ARI,COL,0.6382,0.6185,0.0197,none,0.0,0.0,,,,,,
2026-08-11,ATL,NYM,0.5316,0.545,-0.0134,none,0.0,0.0,,,,,,
2026-08-11,TOR,BOS,0.5705,0.5702,0.0003,none,0.0,0.0,,,,,,
